<?xml version="1.0" encoding="UTF-8"?>
<beans xmlns="http://www.springframework.org/schema/beans"
   xmlns:xsi="http://www.w3.org/2001/XMLSchema-instance"
   xmlns:context="http://www.springframework.org/schema/context"
   xmlns:security="http://www.springframework.org/schema/security"
   xsi:schemaLocation="http://www.springframework.org/schema/security http://www.springframework.org/schema/security/spring-security-4.2.xsd
      http://www.springframework.org/schema/beans http://www.springframework.org/schema/beans/spring-beans.xsd
      http://www.springframework.org/schema/context http://www.springframework.org/schema/context/spring-context-4.3.xsd">
   <!-- 암호화 -->
   <bean  id="passwordEncoder"   
          class="org.springframework.security.crypto.bcrypt.BCryptPasswordEncoder"  />
   <!-- 로그인 성공 -->
   <bean id="succeHandeler" class="project2.security.LoginSucceHandeler" />
   <!-- 로그인 실패 -->
   <bean id="deninedHandeler" class="project2.security.DeninedHandeler"/>
   <!-- 유저 정보 -->
   <bean id="customUserDetailsService" class="project2.security.CustomUserDetailsService"/>
   
   <security:http>
      <security:intercept-url  pattern="/security/all"      access="permitAll" />
      <security:intercept-url  pattern="/security/member"   access="hasRole('ROLE_MEMBER')" />
      <security:intercept-url  pattern="/security/login"    access="permitAll" />
      <security:intercept-url  pattern="/security/join"     access="permitAll" />
      <security:intercept-url  pattern="/security/**"       access="isAuthenticated()" />
      <security:intercept-url  pattern="/iddouble"          access="permitAll" />
      
      
      <security:form-login
      	login-page="/security/login"
      	authentication-success-handler-ref="succeHandeler"
      	authentication-failure-forward-url="/security/fail"
      	login-processing-url="/login"
      />

      <security:logout     
		logout-url="/security/logout"
		logout-success-url="/security/login"
		invalidate-session="true"
	  />
   </security:http>
	
   <security:authentication-manager>   
	      <security:authentication-provider user-service-ref="customUserDetailsService">
	         <security:password-encoder ref="passwordEncoder"/>
	      </security:authentication-provider>
   </security:authentication-manager>
	
   <!-- <security:authentication-manager>   
      <security:authentication-provider>
         <security:user-service>
            <security:user name="member"   password="member" authorities="ROLE_MEMBER"/>
         </security:user-service>
      </security:authentication-provider>
   </security:authentication-manager> -->
</beans>
